ANN,DAT_DEB_CON,DAT_FIN_CON,ETA_NUM_ESMS,ETA_NUM_EPMSI,FFT_COD,FIC_TYP,MOI,ETA_TYP_ESMS
s,haHoKysholbSI,tfFvqbAe,cz,KvGzDJyBNqe,TiItWYuZgJBjmkTGQ,Aw,oXIvSJrfpuRxEOf,GJkJopq
SQxD,rLugGhNek,rBjdAcWVuSljeinYeNT,HHcIvWObTuYijJeZdsbL,HpwcpGC,dJisS,VZrJcdRWWG,SM,qxrwzSIbRtyhQNEalc
NKgkWdGhlybGJBzBgxj,ipqVXm,FONjBbpYsnT,geMw,UgYcxiv,sOqaKwPi,xBPbzpNiXUUyNwugrz,ZrDamrBrSSoCNgBiILvn,
HYPvDdkPCQiNgUSPvR,LxwREvYVOEcoVDjNZZDI,G,XXwyt,sMEnAwVXRh,sKs,JmyFfdSSjWrFXetbaSI,,hmxFJFhwXAClL
jfwiPKtMQfUZX,TMo,tgaIXNbdkzNOHQsrula,xulZRsHxThWKJTQTWeO,yMUJqCnjoMFOhHzqZX,ohX,KpvDRoPMQHAPaef,ERyIoUgZkPiYKZqvpA,rDLEEbouUAJLALHRf
vqISFDWyhT,R,YfenN,Xxzepf,bBEYliwpinKwulZgSKmU,YIhYQuZuBAaXaBx,DQhDViUqyKKbNiXQ,aOeXxdhCQKbX,alhBYtODRAVQUkeQJ
wZdMzLuA,lerPljEaeVsBSPNPhar,QS,hygjTYydiycyQmt,OjKdlevacIpSTDKN,oLXPjkZHBrBKPzSkUKJK,qJHoAZbhCUbZqS,ka,PuzDuAOyRKJv
Xwmnyydoo,qiJieiuQC,uPTrzHyyXkeb,cJQpvNzsa,GJMWKtiwhvfAAKdKeFF,IkXmzrTBeMnwERccpf,fnhhSBcGcfB,j,z
CpzWoaji,xApSXFeoJirGSVrcGI,KodQDOLPZocoL,jeMZBPJOa,,GBXqemfKyicLpiKuOg,ioPWmTvRQ,,IWHCEeurvsaYdJUMc
vhqIuilagIjyK,okVojOSRVGCK,ycfQdpyVyDKx,oM,IgbRDDrORSSsXJQmcq,iLDaAEomQ,gdeirEJSpXwovgHoeRff,wpdLGbVRl,dHXjELAHFXiDOknNUIA
