ANN_TRT,ETA_NUM,ETB_EXE_FIN,REG_ETA,SOC_RAI,STA_ETA,VAL_ETA
s,haHoKysholbSI,tfFvqbAe,cz,KvGzDJyBNqe,TiItWYuZgJBjmkTGQ,Aw
SQxD,rLugGhNek,rBjdAcWVuSljeinYeNT,HHcIvWObTuYijJeZdsbL,HpwcpGC,dJisS,VZrJcdRWWG
NKgkWdGhlybGJBzBgxj,ipqVXm,FONjBbpYsnT,geMw,UgYcxiv,sOqaKwPi,xBPbzpNiXUUyNwugrz
HYPvDdkPCQiNgUSPvR,LxwREvYVOEcoVDjNZZDI,G,XXwyt,sMEnAwVXRh,sKs,JmyFfdSSjWrFXetbaSI
jfwiPKtMQfUZX,TMo,tgaIXNbdkzNOHQsrula,xulZRsHxThWKJTQTWeO,yMUJqCnjoMFOhHzqZX,ohX,KpvDRoPMQHAPaef
vqISFDWyhT,R,YfenN,Xxzepf,bBEYliwpinKwulZgSKmU,YIhYQuZuBAaXaBx,DQhDViUqyKKbNiXQ
wZdMzLuA,lerPljEaeVsBSPNPhar,QS,hygjTYydiycyQmt,OjKdlevacIpSTDKN,oLXPjkZHBrBKPzSkUKJK,qJHoAZbhCUbZqS
Xwmnyydoo,qiJieiuQC,uPTrzHyyXkeb,cJQpvNzsa,GJMWKtiwhvfAAKdKeFF,IkXmzrTBeMnwERccpf,fnhhSBcGcfB
CpzWoaji,xApSXFeoJirGSVrcGI,KodQDOLPZocoL,jeMZBPJOa,,GBXqemfKyicLpiKuOg,ioPWmTvRQ
vhqIuilagIjyK,okVojOSRVGCK,ycfQdpyVyDKx,oM,IgbRDDrORSSsXJQmcq,iLDaAEomQ,gdeirEJSpXwovgHoeRff
