ACT_NBR,ANN_MOI,DEL_DAT_ENT,ETA_NUM,ETA_NUM_GEO,NABM_COD,NUM_FAC,PSH_DMT,PSH_MDT,RSF_TYP,SEQ_NUM,TYP_ART
61,191410,15872,ylhHSI,w,221,Oxr,G,d,,KgUR,I
69,202610,2611,E,JuGWZh,220,fI,p,GE,G,Dmdyt,A
40,199410,9553,ylhHSI,,218,R,J,c,T,vofoFtv,H
58,194509,95684,sOgu,KzMbGoxs,220,,zJ,,U,FFZ,I
19,199201,43355,E,PwrXz,215,w,LQ,,U,Dmdyt,X
18,200401,89008,VmipqXm,NIePqXnK,221,,zSr,l,,V,P
75,198312,49606,ylhHSI,SFryXSWFS,220,ou,,C,,vofoFtv,B
93,195312,58658,XgaGkSSOt,d,241,,Ec,ac,,DvbpIV,H
60,199111,33116,kGhN,dQuBS,239,MM,Nt,a,V,MLbIMiKl,Y
27,193202,63133,E,kTEq,238,,YYW,,,Dmdyt,P
