ACV_ACT,ANP_ACT,CCAM_COD,DEL_DAT_ENT,DENT_NUM_1,DENT_NUM_10,DENT_NUM_11,DENT_NUM_12,DENT_NUM_13,DENT_NUM_14,DENT_NUM_15,DENT_NUM_16,DENT_NUM_2,DENT_NUM_3,DENT_NUM_4,DENT_NUM_5,DENT_NUM_6,DENT_NUM_7,DENT_NUM_8,DENT_NUM_9,DOC_ACT,ETA_NUM,EXT_PMSI,MOD_ACT1,MOD_ACT2,MOD_ACT3,MOD_ACT4,NUM_FAC,PHA_ACT,PSH_DMT,PSH_MDT,REM_EXP_ACT,RSA_NUM,RSF_TYP,SOR_ANN,SOR_MOI,TYP_ART
,e,AHQB024,15872,,r,,d,nD,,,aE,,nm,,s,l,el,C,h,s,ylhHSI,,,S,,,NG,,hG,Gh,L,2694770682,D,2020,04,I
c,J,AHQB025,2611,A,O,kJ,GE,Hx,J,,TA,L,,,qj,nZ,t,q,zN,G,E,Bp,,,,S,Wj,,D,,D,7743808116,m,1984,07,A
,K,AHQP002,9553,,,,c,cb,E,,,bo,,bD,D,u,kw,Q,,,ylhHSI,Yq,D,,,C,mf,S,Le,l,,9286683630,d,1998,11,H
,q,AHQB025,95684,W,EX,qz,,V,y,ft,N,s,z,T,c,bF,,,T,D,sOgu,DHl,r,E,,,G,t,mHG,,R,6139389970,p,1918,01,I
,z,AHQP001,43355,ZG,,SJ,,,,f,,O,s,,,e,,V,WZ,J,E,Uk,F,U,u,g,,,,h,g,7743808116,t,1911,06,X
,,AHQB024,89008,cW,ou,Qx,l,V,v,U,P,b,C,Na,lj,D,O,,PX,O,VmipqXm,GOb,n,C,D,,WD,o,XA,Z,f,6525685393,F,2003,09,P
,Q,AHQB025,49606,,,z,C,,yU,EI,K,kH,sA,F,,k,,,,o,ylhHSI,xbi,,k,K,,kP,j,wBJ,H,r,9286683630,,1942,01,B
O,,AHQB006,58658,U,g,ha,ac,,md,G,,z,,Wt,,O,,sm,C,,XgaGkSSOt,NQn,,,H,Z,Mb,,d,C,U,2968714597,,1970,01,H
,,AHQB033,33116,,u,qc,a,,MC,u,,,n,vL,Ya,,,Vt,,q,kGhN,sm,c,,J,p,j,,MK,,M,6744604778,t,1931,07,Y
,,AHQB032,63133,GI,,lw,,o,vH,IB,dn,UL,W,hg,ki,fS,E,,bf,,E,W,,g,j,P,CB,Z,,r,r,7743808116,,1971,05,P
